{
  "test_cases": [
    3,
    6,
    9,
    12,
    15,
    18,
    21,
    24,
    27,
    30
  ],
  "es_avg_times": [
    3.4579999999978517e-06,
    6.70836666666665e-05,
    0.025358847666666667,
    31.034175180666665,
    null,
    null,
    null,
    null,
    null,
    null
  ],
  "hk_avg_times": [
    4.333333333333041e-06,
    4.4818999999999186e-05,
    0.0008261943333333355,
    0.011334027666668097,
    0.13673147200000338,
    1.7214718333333348,
    null,
    null,
    null,
    null
  ],
  "nn_avg_times": [
    1.5003333333300322e-06,
    2.277999999996764e-06,
    4.860999999994897e-06,
    6.7919999982753625e-06,
    9.319333325189897e-06,
    1.2916333332668728e-05,
    1.5430333334620627e-05,
    1.9902999994769743e-05,
    2.3818999996668328e-05,
    2.745833333506198e-05
  ],
  "es_best_costs": [
    190,
    327,
    371,
    451,
    null,
    null,
    null,
    null,
    null,
    null
  ],
  "hk_best_costs": [
    190,
    327,
    371,
    451,
    481,
    400,
    null,
    null,
    null,
    null
  ],
  "nn_best_costs": [
    190,
    372,
    479,
    499,
    624,
    479,
    651,
    684,
    732,
    765
  ],
  "es_extrapolated": [
    3.4579999999978517e-06,
    6.70836666666665e-05,
    0.025358847666666667,
    31.034175180666665,
    25300.9228050555,
    50379402.926346324,
    155261917459.1307,
    696506851945015.2,
    4.3427761374451604e+18,
    3.6302005219750595e+22
  ],
  "hk_extrapolated": [
    4.333333333333041e-06,
    4.4818999999999186e-05,
    0.0008261943333333355,
    0.011334027666668097,
    0.13673147200000338,
    1.7214718333333348,
    12.465114470664174,
    112.6299709908859,
    988.0525007644663,
    8468.06705327337
  ],
  "nn_extrapolated": [
    1.5003333333300322e-06,
    2.277999999996764e-06,
    4.860999999994897e-06,
    6.7919999982753625e-06,
    9.319333325189897e-06,
    1.2916333332668728e-05,
    1.5430333334620627e-05,
    1.9902999994769743e-05,
    2.3818999996668328e-05,
    2.745833333506198e-05
  ],
  "max_feasible_es": 12,
  "max_feasible_hk": 20
}